{
  "exp_ids": [
    "H021_phase2-frame_SKIP",
    "H022_phase2-codebook-K",
    "H023_phase2-temperature",
    "H024_phase2-loss",
    "H025_phase2-reg-head"
  ],
  "winner_id": "E0a",
  "anchor_oof": 0.6415841584158416,
  "n_sub_exp": 10,
  "axis_summary": {
    "E1_frame": {
      "skipped": true,
      "reason": "winner=E0a \u2192 frame_axis_n/a"
    },
    "E2_K_density": {
      "n_sub_exp": 3,
      "deltas": {
        "E2.K5": -0.000990099009900991,
        "E2.K9": -0.000990099009900991,
        "E2.K13": 0.000990099009900991
      },
      "max_delta": 0.000990099009900991,
      "best_sub_id": "E2.K13",
      "best_val_hit": 0.6425742574257426,
      "positive_lever": false
    },
    "E3_temperature": {
      "n_sub_exp": 5,
      "deltas": {
        "E3.tau0.00": 0.0004950495049504955,
        "E3.tau0.01": 0.0014851485148514865,
        "E3.tau0.10": 0.0004950495049504955,
        "E3.tau0.30": 0.0,
        "E3.tau1.00": -0.0004950495049504955
      },
      "max_delta": 0.0014851485148514865,
      "best_sub_id": "E3.tau0.01",
      "best_val_hit": 0.6430693069306931,
      "positive_lever": false
    },
    "E4_loss_swap": {
      "n_sub_exp": 1,
      "deltas": {
        "E4.no_hinge": 0.0004950495049504955
      },
      "max_delta": 0.0004950495049504955,
      "best_sub_id": "E4.no_hinge",
      "best_val_hit": 0.6420792079207921,
      "positive_lever": false
    },
    "E5_reg_head": {
      "n_sub_exp": 1,
      "deltas": {
        "E5.reg_head_off": -0.002970297029702973
      },
      "max_delta": -0.002970297029702973,
      "best_sub_id": "E5.reg_head_off",
      "best_val_hit": 0.6386138613861386,
      "positive_lever": false
    }
  },
  "results_per_sub_exp": [
    {
      "sub_exp_id": "E2.K5",
      "codebook_id": "absolute",
      "K": 5,
      "n_train": 7980,
      "n_val": 2020,
      "epochs_run": 4,
      "best_epoch": 1,
      "best_val_hit": 0.6405940594059406,
      "best_dcm": 0.0008406784374908278,
      "epoch_log": [
        {
          "epoch": 1,
          "loss": 1.6179949715733528,
          "val_hit": 0.6405940594059406,
          "dcm": 0.0008406784374908278
        },
        {
          "epoch": 2,
          "loss": 1.6157538816332817,
          "val_hit": 0.6391089108910891,
          "dcm": 0.0006808955200212435
        },
        {
          "epoch": 3,
          "loss": 1.6163234636187553,
          "val_hit": 0.6396039603960396,
          "dcm": 0.00028535849858632716
        },
        {
          "epoch": 4,
          "loss": 1.615048609673977,
          "val_hit": 0.6400990099009901,
          "dcm": 0.00034656141343911715
        }
      ],
      "axis": "E2_K_density",
      "temperature": 0.03,
      "use_reg_head": true,
      "use_hinge": true,
      "delta_oof_vs_anchor": -0.000990099009900991,
      "elapsed_seconds": 3.8
    },
    {
      "sub_exp_id": "E2.K9",
      "codebook_id": "absolute",
      "K": 9,
      "n_train": 7980,
      "n_val": 2020,
      "epochs_run": 4,
      "best_epoch": 1,
      "best_val_hit": 0.6405940594059406,
      "best_dcm": 0.000781855747305161,
      "epoch_log": [
        {
          "epoch": 1,
          "loss": 2.2052031904459,
          "val_hit": 0.6405940594059406,
          "dcm": 0.000781855747305161
        },
        {
          "epoch": 2,
          "loss": 2.20309479534626,
          "val_hit": 0.6396039603960396,
          "dcm": 0.0006804425626082788
        },
        {
          "epoch": 3,
          "loss": 2.201056018471718,
          "val_hit": 0.6405940594059406,
          "dcm": 0.00043782161862887997
        },
        {
          "epoch": 4,
          "loss": 2.200414404273033,
          "val_hit": 0.6400990099009901,
          "dcm": 0.00026514238074252047
        }
      ],
      "axis": "E2_K_density",
      "temperature": 0.03,
      "use_reg_head": true,
      "use_hinge": true,
      "delta_oof_vs_anchor": -0.000990099009900991,
      "elapsed_seconds": 2.8
    },
    {
      "sub_exp_id": "E2.K13",
      "codebook_id": "absolute",
      "K": 13,
      "n_train": 7980,
      "n_val": 2020,
      "epochs_run": 5,
      "best_epoch": 2,
      "best_val_hit": 0.6425742574257426,
      "best_dcm": 0.0008821917768247583,
      "epoch_log": [
        {
          "epoch": 1,
          "loss": 2.5720027834177017,
          "val_hit": 0.6405940594059406,
          "dcm": 0.000646500699440657
        },
        {
          "epoch": 2,
          "loss": 2.56929187476635,
          "val_hit": 0.6425742574257426,
          "dcm": 0.0008821917768247583
        },
        {
          "epoch": 3,
          "loss": 2.567060351371765,
          "val_hit": 0.6400990099009901,
          "dcm": 0.00042939008615003847
        },
        {
          "epoch": 4,
          "loss": 2.5658958852291107,
          "val_hit": 0.6405940594059406,
          "dcm": 0.00018569827400721707
        },
        {
          "epoch": 5,
          "loss": 2.5643869638442993,
          "val_hit": 0.6415841584158416,
          "dcm": 0.0004653628822333799
        }
      ],
      "axis": "E2_K_density",
      "temperature": 0.03,
      "use_reg_head": true,
      "use_hinge": true,
      "delta_oof_vs_anchor": 0.000990099009900991,
      "elapsed_seconds": 3.8
    },
    {
      "sub_exp_id": "E3.tau0.00",
      "codebook_id": "absolute",
      "K": 7,
      "n_train": 7980,
      "n_val": 2020,
      "epochs_run": 7,
      "best_epoch": 4,
      "best_val_hit": 0.6420792079207921,
      "best_dcm": 0.00036706147292395896,
      "epoch_log": [
        {
          "epoch": 1,
          "loss": 1.9548941031098366,
          "val_hit": 0.6371287128712871,
          "dcm": 0.0014041208051002794
        },
        {
          "epoch": 2,
          "loss": 1.9533033668994904,
          "val_hit": 0.6405940594059406,
          "dcm": 0.0009315649545406773
        },
        {
          "epoch": 3,
          "loss": 1.9528138786554337,
          "val_hit": 0.6391089108910891,
          "dcm": 0.000585802979133629
        },
        {
          "epoch": 4,
          "loss": 1.952864870429039,
          "val_hit": 0.6420792079207921,
          "dcm": 0.00036706147292395896
        },
        {
          "epoch": 5,
          "loss": 1.9520178884267807,
          "val_hit": 0.6381188118811881,
          "dcm": 0.0004214227848758848
        },
        {
          "epoch": 6,
          "loss": 1.9517111629247665,
          "val_hit": 0.6371287128712871,
          "dcm": 0.0003720367528750914
        },
        {
          "epoch": 7,
          "loss": 1.950744889676571,
          "val_hit": 0.6420792079207921,
          "dcm": 0.00029925284303432303
        }
      ],
      "axis": "E3_temperature",
      "temperature": 0.0,
      "use_reg_head": true,
      "use_hinge": true,
      "delta_oof_vs_anchor": 0.0004950495049504955,
      "elapsed_seconds": 5.2
    },
    {
      "sub_exp_id": "E3.tau0.01",
      "codebook_id": "absolute",
      "K": 7,
      "n_train": 7980,
      "n_val": 2020,
      "epochs_run": 5,
      "best_epoch": 2,
      "best_val_hit": 0.6430693069306931,
      "best_dcm": 0.000793321074978275,
      "epoch_log": [
        {
          "epoch": 1,
          "loss": 1.9547020941972733,
          "val_hit": 0.6391089108910891,
          "dcm": 0.0010883198034578347
        },
        {
          "epoch": 2,
          "loss": 1.9530616328120232,
          "val_hit": 0.6430693069306931,
          "dcm": 0.000793321074978275
        },
        {
          "epoch": 3,
          "loss": 1.9525983110070229,
          "val_hit": 0.6396039603960396,
          "dcm": 0.0005174650063579264
        },
        {
          "epoch": 4,
          "loss": 1.9525938853621483,
          "val_hit": 0.6420792079207921,
          "dcm": 0.0003377762229418837
        },
        {
          "epoch": 5,
          "loss": 1.9518221467733383,
          "val_hit": 0.6386138613861386,
          "dcm": 0.0003906029227020381
        }
      ],
      "axis": "E3_temperature",