{
  "exp_id": "H019_phase0-preflight-codebook",
  "n_train": 10000,
  "trajectory_T": 11,
  "end_idx": 10,
  "f0_raw_hit_measure": {
    "description": "F0 \ub2e8\uc77c\uacf5\uc2dd\uc758 raw hit@1cm + hit@1.5cm \u2014 \ud559\uc2b5 \ubb34\uad00 \uce21\uc815",
    "single_formula": "frenet_par120_perp_neg020",
    "candidate_idx": 17,
    "n_train": 10000,
    "hit_at_1cm": {
      "hit_rate": 0.632,
      "expected_range": [
        0.6,
        0.68
      ],
      "in_range": true
    },
    "hit_at_1_5cm": {
      "hit_rate": 0.8033,
      "expected_range": [
        0.8,
        0.88
      ],
      "in_range": true
    }
  },
  "codebook_oracle_ceilings": {
    "description": "\uac01 codebook \uc758 oracle scorer (label-aware argmin) \uc2dc hit@1cm",
    "n_train": 10000,
    "absolute_7way": {
      "oracle_hit_1cm": 0.7761,
      "anchors": [
        [
          0.0,
          0.0,
          0.0
        ],
        [
          0.005,
          0.0,
          0.0
        ],
        [
          -0.005,
          0.0,
          0.0
        ],
        [
          0.0,
          0.005,
          0.0
        ],
        [
          0.0,
          -0.005,
          0.0
        ],
        [
          0.0,
          0.0,
          0.005
        ],
        [
          0.0,
          0.0,
          -0.005
        ]
      ]
    },
    "frenet_orthogonal_7way": {
      "oracle_hit_1cm": 0.7797,
      "anchors": [
        [
          0.0,
          0.0,
          0.0
        ],
        [
          0.005,
          0.0,
          0.0
        ],
        [
          -0.005,
          0.0,
          0.0
        ],
        [
          0.0,
          0.005,
          0.0
        ],
        [
          0.0,
          -0.005,
          0.0
        ],
        [
          0.0,
          0.0,
          0.005
        ],
        [
          0.0,
          0.0,
          -0.005
        ]
      ]
    },
    "kmeans_7way": {
      "oracle_hit_1cm": 0.7436,
      "anchors_per_fold": [
        [
          [
            0.0,
            0.0,
            0.0
          ],
          [
            -0.00018096013845330262,
            -0.001932976174078101,
            -0.0001079890106306668
          ],
          [
            -0.010893058748323399,
            0.016549777358700227,
            0.0027287617123941854
          ],
          [
            -0.0196046726695724,
            0.00391631519630826,
            0.0005650529197217142
          ],
          [
            -0.012495731983772036,
            0.007165268199677354,
            -0.01387499959698843
          ],
          [
            -0.004042490036460631,
            0.010157833828675984,
            0.0009165064650053156
          ],
          [
            -0.0182694780090093,
            -0.007746585007599624,
            0.0024933098480450504
          ]
        ],
        [
          [
            0.0,
            0.0,
            0.0
          ],
          [
            -0.013450693082605835,
            0.007105117152445835,
            -0.01298445862743455
          ],
          [
            -0.004015467326213356,
            0.010088175846811053,
            0.0009811130379211365
          ],
          [
            -0.00015095956616622067,
            -0.0018792701285082988,
            -0.00027732346071902695
          ],
          [
            -0.01970230730561695,
            0.003382836744978072,
            0.0006127824996352956
          ],
          [
            -0.010265422304415305,
            0.016987351891112834,
            0.0024598741105020198
          ],
          [
            -0.018204356659709674,
            -0.00784136632760025,
            0.0026672781486865933
          ]
        ],
        [
          [
            0.0,
            0.0,
            0.0
          ],
          [
            -0.00017265560804025602,
            -0.0017176683358236975,
            -0.0002060975373930422
          ],
          [
            -0.015018379121070603,
            0.005030500469638239,
            -0.01221238525435388
          ],
          [
            -0.004076009045537603,
            0.011394860399755624,
            0.0009759383712422249
          ],
          [
            -0.010494364894085447,
            0.016940812903401232,
            0.001696220398928537
          ],
          [
            -0.019731296495432177,
            0.0030372947153371748,
            0.001204483051574748
          ],
          [
            -0.0183657625050868,
            -0.006365923299210138,
            0.0047089051971048665
          ]
        ],
        [
          [
            0.0,
            0.0,
            0.0
          ],
          [
            -0.003887061023392964,
            0.01031787470085914,
            0.001004690597419495
          ],
          [
            -0.019672458105388667,
            0.003579951987254134,
            0.00042229830769594645
          ],
          [
            -0.01336178308314794,
            0.00478691546010179,
            -0.014090713013071412
          ],
          [
            -0.010518477386428204,
            0.016942007500954096,
            0.001526438766807775
          ],
          [
            -0.00014355085159256133,
            -0.0018728977670047033,
            -0.00019165326886280194
          ],
          [
            -0.01817725354683943,
            -0.007005722947100714,
            0.004528498590303423
          ]
        ],
        [
          [
            0.0,
            0.0,
            0.0
          ],
          [
            -0.0037909607473530344,
            0.01034734258636924,
            -6.478885067124092e-05
          ],
          [
            -0.013987498042278534,
            -0.008087366108447663,
            -0.011787468258501752
          ],
          [
            -0.0002027558085842783,
            -0.0018691500817221028,
            0.00025773720855503735
          ],
          [
            -0.010961533509393216,
            0.016699815707007855,
            -0.000980274693350515
          ],
          [
            -0.019271973496439863,
            0.005290599934490804,
            -0.0007749773452723476
          ],
          [
            -0.01897575587392892,
            -0.0022467355071729687,
            0.005905325441824549
          ]
        ]
      ]
    },
    "per_axis_marginal_hit_1cm": {
      "description": "\u00a77.1 E2 K density swap \uc758 dominant axis \uacb0\uc815 source",
      "absolute": {
        "+x": 0.6717,
        "-x": 0.6648,
        "+y": 0.6733,
        "-y": 0.6736,
        "+z": 0.659,
        "-z": 0.6596
      },
      "frenet_orthogonal": {
        "+t": 0.6489,
        "-t": 0.6614,
        "+n": 0.6753,
        "-n": 0.6745,
        "+b": 0.6675,
        "-b": 0.6715
      },
      "axis_family_ranking_absolute": [
        "x",
        "y",
        "z"
      ],
      "axis_family_ranking_frenet": [
        "n",
        "b",
        "t"
      ]
    }
  },
  "kmeans_fit_meta": {
    "K": 7,
    "fold_count": 5,