{
  "sub_exp": "P1.F4",
  "n_val": 2020,
  "fold": 0,
  "oof_soft_hit": 0.6430693069306931,
  "oof_raw_hit": 0.6430693069306931,
  "corrector_gain": 0.0,
  "per_band_hit_after": {
    "[0,0.5cm)": {
      "n": 703,
      "hit_before": 1.0,
      "hit_after": 1.0,
      "delta": 0.0
    },
    "[0.5,1cm)": {
      "n": 596,
      "hit_before": 1.0,
      "hit_after": 1.0,
      "delta": 0.0
    },
    "[1,1.5cm)": {
      "n": 346,
      "hit_before": 0.0,
      "hit_after": 0.0,
      "delta": 0.0
    },
    "[1.5,2cm)": {
      "n": 97,
      "hit_before": 0.0,
      "hit_after": 0.0,
      "delta": 0.0
    },
    "[2cm,inf)": {
      "n": 278,
      "hit_before": 0.0,
      "hit_after": 0.0,
      "delta": 0.0
    }
  },
  "elapsed_sec": 0.16762185096740723,
  "best_val_hit": 0.643069326877594,
  "final_coef": [
    1.9742792844772339,
    -0.005688054487109184,
    1.1960220336914062,
    -0.1967075914144516,
    0.0019045134540647268,
    0.9939658045768738
  ]
}