{
  "sub_exp": "P1.F4",
  "n_val": 2020,
  "fold": 0,
  "oof_soft_hit": 0.03217821782178218,
  "oof_raw_hit": 0.03217821782178218,
  "corrector_gain": 0.0,
  "per_band_hit_after": {
    "[0,0.5cm)": {
      "n": 9,
      "hit_before": 1.0,
      "hit_after": 1.0,
      "delta": 0.0
    },
    "[0.5,1cm)": {
      "n": 56,
      "hit_before": 1.0,
      "hit_after": 1.0,
      "delta": 0.0
    },
    "[1,1.5cm)": {
      "n": 129,
      "hit_before": 0.0,
      "hit_after": 0.0,
      "delta": 0.0
    },
    "[1.5,2cm)": {
      "n": 156,
      "hit_before": 0.0,
      "hit_after": 0.0,
      "delta": 0.0
    },
    "[2cm,inf)": {
      "n": 1670,
      "hit_before": 0.0,
      "hit_after": 0.0,
      "delta": 0.0
    }
  },
  "elapsed_sec": 1.9455769062042236,
  "best_val_hit": 0.03217821940779686,
  "final_coef": [
    1.895058512687683,
    -0.016965748742222786,
    1.1876907348632812,
    -0.1966119259595871,
    0.005596584174782038,
    0.9549168944358826
  ]
}