{
  "f0_baseline": {
    "candidate": "f0_baseline",
    "n_samples": 10000,
    "hit_1cm_5fold_concat": 0.632,
    "hit_1.5cm_5fold_concat": 0.8033,
    "hit_1cm_per_fold": [
      0.6400990099009901,
      0.6292134831460674,
      0.6304008328995315,
      0.6351485148514852,
      0.625
    ],
    "hit_1.5cm_per_fold": [
      0.8128712871287128,
      0.7953102100635075,
      0.8053097345132744,
      0.8118811881188119,
      0.7911646586345381
    ],
    "fold_variance_1cm": 0.005192789253297582,
    "fold_variance_1.5cm": 0.008722251291583995
  }
}