{
  "cells": {
    "B1_dodeca20_tau001": {
      "K": 20,
      "tau_cls": 0.001,
      "hit_1cm": 0.6513,
      "hit_1.5cm": 0.8113,
      "delta_1cm": 0.019299999999999984,
      "delta_1.5cm": 0.008000000000000007,
      "max_class_ratio": 0.07266756892204285,
      "fold_var_1cm": 0.005061491207355289,
      "fold_var_1.5cm": 0.00740202640277933,
      "pass_both": true,
      "elapsed_sec": 372.01126408576965,
      "layout": "B1_dodeca20"
    },
    "B1_dodeca20_tau003": {
      "K": 20,
      "tau_cls": 0.003,
      "hit_1cm": 0.6444,
      "hit_1.5cm": 0.8087,
      "delta_1cm": 0.012399999999999967,
      "delta_1.5cm": 0.00539999999999996,
      "max_class_ratio": 0.058659233152866364,
      "fold_var_1cm": 0.004025284761394311,
      "fold_var_1.5cm": 0.008412709810875739,
      "pass_both": true,
      "elapsed_sec": 361.33686423301697,
      "layout": "B1_dodeca20"
    },
    "B1_dodeca20_tau005": {
      "K": 20,
      "tau_cls": 0.005,
      "hit_1cm": 0.6401,
      "hit_1.5cm": 0.8072,
      "delta_1cm": 0.008099999999999996,
      "delta_1.5cm": 0.0039000000000000146,
      "max_class_ratio": 0.05529666319489479,
      "fold_var_1cm": 0.0047316320973754015,
      "fold_var_1.5cm": 0.008342021771762567,
      "pass_both": false,
      "elapsed_sec": 358.8866169452667,
      "layout": "B1_dodeca20"
    },
    "B2_trunc_octa24_tau001": {
      "K": 24,
      "tau_cls": 0.001,
      "hit_1cm": 0.652,
      "hit_1.5cm": 0.8105,
      "delta_1cm": 0.020000000000000018,
      "delta_1.5cm": 0.007199999999999984,
      "max_class_ratio": 0.06584227085113525,
      "fold_var_1cm": 0.004989141036690111,
      "fold_var_1.5cm": 0.007538496204343066,
      "pass_both": true,
      "elapsed_sec": 492.8917465209961,
      "layout": "B2_trunc_octa24"
    },
    "B2_trunc_octa24_tau003": {
      "K": 24,
      "tau_cls": 0.003,
      "hit_1cm": 0.6442,
      "hit_1.5cm": 0.809,
      "delta_1cm": 0.012199999999999989,
      "delta_1.5cm": 0.005700000000000038,
      "max_class_ratio": 0.05053698271512985,
      "fold_var_1cm": 0.004404666542951087,
      "fold_var_1.5cm": 0.008041247306314097,
      "pass_both": true,
      "elapsed_sec": 474.78080534935,
      "layout": "B2_trunc_octa24"
    },
    "B2_trunc_octa24_tau005": {
      "K": 24,
      "tau_cls": 0.005,
      "hit_1cm": 0.6403,
      "hit_1.5cm": 0.8069,
      "delta_1cm": 0.008299999999999974,
      "delta_1.5cm": 0.0035999999999999366,
      "max_class_ratio": 0.04684045538306236,
      "fold_var_1cm": 0.004280386472915805,
      "fold_var_1.5cm": 0.008924256933334226,
      "pass_both": false,
      "elapsed_sec": 470.9067599773407,
      "layout": "B2_trunc_octa24"
    },
    "B3_icosidodec30_tau001": {
      "K": 30,
      "tau_cls": 0.001,
      "hit_1cm": 0.6519,
      "hit_1.5cm": 0.811,
      "delta_1cm": 0.01990000000000003,
      "delta_1.5cm": 0.00770000000000004,
      "max_class_ratio": 0.0500345304608345,
      "fold_var_1cm": 0.0041306174750261665,
      "fold_var_1.5cm": 0.008249994051015808,
      "pass_both": true,
      "elapsed_sec": 676.2122392654419,
      "layout": "B3_icosidodec30"
    },
    "B3_icosidodec30_tau003": {
      "K": 30,
      "tau_cls": 0.003,
      "hit_1cm": 0.6443,
      "hit_1.5cm": 0.809,
      "delta_1cm": 0.012299999999999978,
      "delta_1.5cm": 0.005700000000000038,
      "max_class_ratio": 0.03994278609752655,
      "fold_var_1cm": 0.003929328034334943,
      "fold_var_1.5cm": 0.008151337643068997,
      "pass_both": true,
      "elapsed_sec": 660.183292388916,
      "layout": "B3_icosidodec30"
    },
    "B3_icosidodec30_tau005": {
      "K": 30,
      "tau_cls": 0.005,
      "hit_1cm": 0.6401,
      "hit_1.5cm": 0.8073,
      "delta_1cm": 0.008099999999999996,
      "delta_1.5cm": 0.0040000000000000036,
      "max_class_ratio": 0.03716454654932022,
      "fold_var_1cm": 0.004093016079387572,
      "fold_var_1.5cm": 0.008452049686332914,
      "pass_both": false,
      "elapsed_sec": 667.1308743953705,
      "layout": "B3_icosidodec30"
    },
    "B4_fib50_tau001": {
      "K": 50,
      "tau_cls": 0.001,
      "hit_1cm": 0.6532,
      "hit_1.5cm": 0.8108,
      "delta_1cm": 0.021199999999999997,
      "delta_1.5cm": 0.007499999999999951,
      "max_class_ratio": 0.03158165141940117,
      "fold_var_1cm": 0.005582137280983112,
      "fold_var_1.5cm": 0.007526279234614363,
      "pass_both": true,
      "elapsed_sec": 1601.9433500766754,
      "layout": "B4_fib50"
    },
    "B4_fib50_tau003": {
      "K": 50,
      "tau_cls": 0.003,
      "hit_1cm": 0.6444,
      "hit_1.5cm": 0.8087,
      "delta_1cm": 0.012399999999999967,
      "delta_1.5cm": 0.00539999999999996,
      "max_class_ratio": 0.02433229796588421,
      "fold_var_1cm": 0.004141361403381618,
      "fold_var_1.5cm": 0.008465159066695472,
      "pass_both": true,
      "elapsed_sec": 1575.6604099273682,
      "layout": "B4_fib50"
    },
    "B4_fib50_tau005": {
      "K": 50,
      "tau_cls": 0.005,
      "hit_1cm": 0.6396,
      "hit_1.5cm": 0.8074,
      "delta_1cm": 0.00759999999999994,
      "delta_1.5cm": 0.0040999999999999925,
      "max_class_ratio": 0.022488335147500038,
      "fold_var_1cm": 0.004548925958842561,
      "fold_var_1.5cm": 0.008565242801221253,
      "pass_both": false,
      "elapsed_sec": 1504.431988477707,
      "layout": "B4_fib50"
    }
  },
  "dropped_cells": [],
  "best_cell_key": "B4_fib50_tau001",
  "best_cell": {
    "K": 50,
    "tau_cls": 0.001,
    "hit_1cm": 0.6532,
    "hit_1.5cm": 0.8108,
    "delta_1cm": 0.021199999999999997,
    "delta_1.5cm": 0.007499999999999951,
    "max_class_ratio": 0.03158165141940117,
    "fold_var_1cm": 0.005582137280983112,
    "fold_var_1.5cm": 0.007526279234614363,
    "pass_both": true,
    "elapsed_sec": 1601.9433500766754,
    "layout": "B4_fib50"
  },
  "marginals": {
    "by_layout": {
      "B1_dodeca20": {
        "K": 20,
        "tau_cls": 0.001,
        "hit_1cm": 0.6513,
        "hit_1.5cm": 0.8113,
        "delta_1cm": 0.019299999999999984,
        "delta_1.5cm": 0.008000000000000007,
        "max_class_ratio": 0.07266756892204285,
        "fold_var_1cm": 0.005061491207355289,
        "fold_var_1.5cm": 0.00740202640277933,
        "pass_both": true,
        "elapsed_sec": 372.01126408576965,
        "layout": "B1_dodeca20",
        "best_cell_key": "B1_dodeca20_tau001"
      },
      "B2_trunc_octa24": {
        "K": 24,
        "tau_cls": 0.001,
        "hit_1cm": 0.652,
        "hit_1.5cm": 0.8105,
        "delta_1cm": 0.020000000000000018,
        "delta_1.5cm": 0.007199999999999984,
        "max_class_ratio": 0.06584227085113525,
        "fold_var_1cm": 0.004989141036690111,
        "fold_var_1.5cm": 0.007538496204343066,
        "pass_both": true,
        "elapsed_sec": 492.8917465209961,
        "layout": "B2_trunc_octa24",
        "best_cell_key": "B2_trunc_octa24_tau001"
      },
      "B3_icosidodec30": {
        "K": 30,
        "tau_cls": 0.001,
        "hit_1cm": 0.6519,
        "hit_1.5cm": 0.811,
        "delta_1cm": 0.01990000000000003,
        "delta_1.5cm": 0.00770000000000004,
        "max_class_ratio": 0.0500345304608345,
        "fold_var_1cm": 0.0041306174750261665,
        "fold_var_1.5cm": 0.008249994051015808,
        "pass_both": true,
        "elapsed_sec": 676.2122392654419,
        "layout": "B3_icosidodec30",
        "best_cell_key": "B3_icosidodec30_tau001"
      },
      "B4_fib50": {
        "K": 50,
        "tau_cls": 0.001,
        "hit_1cm": 0.6532,
        "hit_1.5cm": 0.8108,
        "delta_1cm": 0.021199999999999997,
        "delta_1.5cm": 0.007499999999999951,
        "max_class_ratio": 0.03158165141940117,
        "fold_var_1cm": 0.005582137280983112,
        "fold_var_1.5cm": 0.007526279234614363,
        "pass_both": true,
        "elapsed_sec": 1601.9433500766754,
        "layout": "B4_fib50",
        "best_cell_key": "B4_fib50_tau001"
      }
    },
    "by_tau": {
      "tau_0.001": {
        "K": 50,
        "tau_cls": 0.001,