{
  "tau_0.001": {
    "K": 24,
    "tau_cls": 0.001,
    "hit_1cm": 0.652,
    "hit_1.5cm": 0.8105,
    "delta_1cm": 0.020000000000000018,
    "delta_1.5cm": 0.007199999999999984,
    "max_class_ratio": 0.06584227085113525,
    "fold_var_1cm": 0.004989141036690111,
    "fold_var_1.5cm": 0.007538496204343066,
    "pass_both": true,
    "elapsed_sec": 492.8917465209961
  },
  "tau_0.003": {
    "K": 24,
    "tau_cls": 0.003,
    "hit_1cm": 0.6442,
    "hit_1.5cm": 0.809,
    "delta_1cm": 0.012199999999999989,
    "delta_1.5cm": 0.005700000000000038,
    "max_class_ratio": 0.05053698271512985,
    "fold_var_1cm": 0.004404666542951087,
    "fold_var_1.5cm": 0.008041247306314097,
    "pass_both": true,
    "elapsed_sec": 474.78080534935
  },
  "tau_0.005": {
    "K": 24,
    "tau_cls": 0.005,
    "hit_1cm": 0.6403,
    "hit_1.5cm": 0.8069,
    "delta_1cm": 0.008299999999999974,
    "delta_1.5cm": 0.0035999999999999366,
    "max_class_ratio": 0.04684045538306236,
    "fold_var_1cm": 0.004280386472915805,
    "fold_var_1.5cm": 0.008924256933334226,
    "pass_both": false,
    "elapsed_sec": 470.9067599773407
  }
}