{
  "tau_0.001": {
    "K": 20,
    "tau_cls": 0.001,
    "hit_1cm": 0.6513,
    "hit_1.5cm": 0.8113,
    "delta_1cm": 0.019299999999999984,
    "delta_1.5cm": 0.008000000000000007,
    "max_class_ratio": 0.07266756892204285,
    "fold_var_1cm": 0.005061491207355289,
    "fold_var_1.5cm": 0.00740202640277933,
    "pass_both": true,
    "elapsed_sec": 372.01126408576965
  },
  "tau_0.003": {
    "K": 20,
    "tau_cls": 0.003,
    "hit_1cm": 0.6444,
    "hit_1.5cm": 0.8087,
    "delta_1cm": 0.012399999999999967,
    "delta_1.5cm": 0.00539999999999996,
    "max_class_ratio": 0.058659233152866364,
    "fold_var_1cm": 0.004025284761394311,
    "fold_var_1.5cm": 0.008412709810875739,
    "pass_both": true,
    "elapsed_sec": 361.33686423301697
  },
  "tau_0.005": {
    "K": 20,
    "tau_cls": 0.005,
    "hit_1cm": 0.6401,
    "hit_1.5cm": 0.8072,
    "delta_1cm": 0.008099999999999996,
    "delta_1.5cm": 0.0039000000000000146,
    "max_class_ratio": 0.05529666319489479,
    "fold_var_1cm": 0.0047316320973754015,
    "fold_var_1.5cm": 0.008342021771762567,
    "pass_both": false,
    "elapsed_sec": 358.8866169452667
  }
}