{
  "tau_0.001": {
    "K": 50,
    "tau_cls": 0.001,
    "hit_1cm": 0.6532,
    "hit_1.5cm": 0.8108,
    "delta_1cm": 0.021199999999999997,
    "delta_1.5cm": 0.007499999999999951,
    "max_class_ratio": 0.03158165141940117,
    "fold_var_1cm": 0.005582137280983112,
    "fold_var_1.5cm": 0.007526279234614363,
    "pass_both": true,
    "elapsed_sec": 1601.9433500766754
  },
  "tau_0.003": {
    "K": 50,
    "tau_cls": 0.003,
    "hit_1cm": 0.6444,
    "hit_1.5cm": 0.8087,
    "delta_1cm": 0.012399999999999967,
    "delta_1.5cm": 0.00539999999999996,
    "max_class_ratio": 0.02433229796588421,
    "fold_var_1cm": 0.004141361403381618,
    "fold_var_1.5cm": 0.008465159066695472,
    "pass_both": true,
    "elapsed_sec": 1575.6604099273682
  },
  "tau_0.005": {
    "K": 50,
    "tau_cls": 0.005,
    "hit_1cm": 0.6396,
    "hit_1.5cm": 0.8074,
    "delta_1cm": 0.00759999999999994,
    "delta_1.5cm": 0.0040999999999999925,
    "max_class_ratio": 0.022488335147500038,
    "fold_var_1cm": 0.004548925958842561,
    "fold_var_1.5cm": 0.008565242801221253,
    "pass_both": false,
    "elapsed_sec": 1504.431988477707
  }
}