{
  "tau_0.001": {
    "K": 30,
    "tau_cls": 0.001,
    "hit_1cm": 0.6519,
    "hit_1.5cm": 0.811,
    "delta_1cm": 0.01990000000000003,
    "delta_1.5cm": 0.00770000000000004,
    "max_class_ratio": 0.0500345304608345,
    "fold_var_1cm": 0.0041306174750261665,
    "fold_var_1.5cm": 0.008249994051015808,
    "pass_both": true,
    "elapsed_sec": 676.2122392654419
  },
  "tau_0.003": {
    "K": 30,
    "tau_cls": 0.003,
    "hit_1cm": 0.6443,
    "hit_1.5cm": 0.809,
    "delta_1cm": 0.012299999999999978,
    "delta_1.5cm": 0.005700000000000038,
    "max_class_ratio": 0.03994278609752655,
    "fold_var_1cm": 0.003929328034334943,
    "fold_var_1.5cm": 0.008151337643068997,
    "pass_both": true,
    "elapsed_sec": 660.183292388916
  },
  "tau_0.005": {
    "K": 30,
    "tau_cls": 0.005,
    "hit_1cm": 0.6401,
    "hit_1.5cm": 0.8073,
    "delta_1cm": 0.008099999999999996,
    "delta_1.5cm": 0.0040000000000000036,
    "max_class_ratio": 0.03716454654932022,
    "fold_var_1cm": 0.004093016079387572,
    "fold_var_1.5cm": 0.008452049686332914,
    "pass_both": false,
    "elapsed_sec": 667.1308743953705
  }
}