{
  "cells": {
    "A1_octa7_tau001": {
      "K": 7,
      "tau_cls": 0.001,
      "hit_1cm": 0.6514,
      "hit_1.5cm": 0.8101,
      "delta_1cm": 0.019399999999999973,
      "delta_1.5cm": 0.006800000000000028,
      "max_class_ratio": 0.23196832835674286,
      "fold_var_1cm": 0.005359363055936219,
      "fold_var_1.5cm": 0.00638452954757055,
      "pass_both": true,
      "elapsed_sec": 115.6906087398529,
      "layout": "A1_octa7"
    },
    "A1_octa7_tau003": {
      "K": 7,
      "tau_cls": 0.003,
      "hit_1cm": 0.6432,
      "hit_1.5cm": 0.8081,
      "delta_1cm": 0.011199999999999988,
      "delta_1.5cm": 0.0048000000000000265,
      "max_class_ratio": 0.1946343332529068,
      "fold_var_1cm": 0.004738553260393381,
      "fold_var_1.5cm": 0.008125990089378499,
      "pass_both": false,
      "elapsed_sec": 114.54286217689514,
      "layout": "A1_octa7"
    },
    "A1_octa7_tau005": {
      "K": 7,
      "tau_cls": 0.005,
      "hit_1cm": 0.6393,
      "hit_1.5cm": 0.8067,
      "delta_1cm": 0.007299999999999973,
      "delta_1.5cm": 0.0033999999999999586,
      "max_class_ratio": 0.17610329389572144,
      "fold_var_1cm": 0.005148817989890828,
      "fold_var_1.5cm": 0.008267411854877737,
      "pass_both": false,
      "elapsed_sec": 111.19659614562988,
      "layout": "A1_octa7"
    },
    "A2_ico13_tau001": {
      "K": 13,
      "tau_cls": 0.001,
      "hit_1cm": 0.6519,
      "hit_1.5cm": 0.8103,
      "delta_1cm": 0.01990000000000003,
      "delta_1.5cm": 0.007000000000000006,
      "max_class_ratio": 0.15027286112308502,
      "fold_var_1cm": 0.005965223537616133,
      "fold_var_1.5cm": 0.007281717186217829,
      "pass_both": true,
      "elapsed_sec": 259.87338304519653,
      "layout": "A2_ico13"
    },
    "A2_ico13_tau003": {
      "K": 13,
      "tau_cls": 0.003,
      "hit_1cm": 0.6425,
      "hit_1.5cm": 0.8084,
      "delta_1cm": 0.010499999999999954,
      "delta_1.5cm": 0.005099999999999993,
      "max_class_ratio": 0.10923531651496887,
      "fold_var_1cm": 0.004333986366285175,
      "fold_var_1.5cm": 0.008255601754956146,
      "pass_both": true,
      "elapsed_sec": 245.33548021316528,
      "layout": "A2_ico13"
    },
    "A2_ico13_tau005": {
      "K": 13,
      "tau_cls": 0.005,
      "hit_1cm": 0.6388,
      "hit_1.5cm": 0.8069,
      "delta_1cm": 0.006800000000000028,
      "delta_1.5cm": 0.0035999999999999366,
      "max_class_ratio": 0.09703753888607025,
      "fold_var_1cm": 0.004212325000519862,
      "fold_var_1.5cm": 0.008722559254563987,
      "pass_both": false,
      "elapsed_sec": 243.38735175132751,
      "layout": "A2_ico13"
    },
    "A3_cubocta13_tau001": {
      "K": 13,
      "tau_cls": 0.001,
      "hit_1cm": 0.6516,
      "hit_1.5cm": 0.8107,
      "delta_1cm": 0.01959999999999995,
      "delta_1.5cm": 0.007399999999999962,
      "max_class_ratio": 0.151152566075325,
      "fold_var_1cm": 0.005043289827049814,
      "fold_var_1.5cm": 0.007262494414526147,
      "pass_both": true,
      "elapsed_sec": 287.6803209781647,
      "layout": "A3_cubocta13"
    },
    "A3_cubocta13_tau003": {
      "K": 13,
      "tau_cls": 0.003,
      "hit_1cm": 0.6439,
      "hit_1.5cm": 0.8082,
      "delta_1cm": 0.011900000000000022,
      "delta_1.5cm": 0.0049000000000000155,
      "max_class_ratio": 0.10938818007707596,
      "fold_var_1cm": 0.0042138102232793205,
      "fold_var_1.5cm": 0.00827526550199523,
      "pass_both": false,
      "elapsed_sec": 301.47371649742126,
      "layout": "A3_cubocta13"
    },
    "A3_cubocta13_tau005": {
      "K": 13,
      "tau_cls": 0.005,
      "hit_1cm": 0.639,
      "hit_1.5cm": 0.8069,
      "delta_1cm": 0.007000000000000006,
      "delta_1.5cm": 0.0035999999999999366,
      "max_class_ratio": 0.09706280380487442,
      "fold_var_1cm": 0.0045893732391404955,
      "fold_var_1.5cm": 0.00846178098604992,
      "pass_both": false,
      "elapsed_sec": 210.6892592906952,
      "layout": "A3_cubocta13"
    },
    "A4_2shell13_tau001": {
      "K": 13,
      "tau_cls": 0.001,
      "hit_1cm": 0.6496,
      "hit_1.5cm": 0.8094,
      "delta_1cm": 0.01759999999999995,
      "delta_1.5cm": 0.006099999999999994,
      "max_class_ratio": 0.11563578993082047,
      "fold_var_1cm": 0.0042872907700428654,
      "fold_var_1.5cm": 0.0074034996258782034,
      "pass_both": true,
      "elapsed_sec": 245.02334713935852,
      "layout": "A4_2shell13"
    },
    "A4_2shell13_tau003": {
      "K": 13,
      "tau_cls": 0.003,
      "hit_1cm": 0.6401,
      "hit_1.5cm": 0.807,
      "delta_1cm": 0.008099999999999996,
      "delta_1.5cm": 0.0037000000000000366,
      "max_class_ratio": 0.09417583793401718,
      "fold_var_1cm": 0.004698360428459724,
      "fold_var_1.5cm": 0.008889488523565801,
      "pass_both": false,
      "elapsed_sec": 224.96068477630615,
      "layout": "A4_2shell13"
    },
    "A4_2shell13_tau005": {
      "K": 13,
      "tau_cls": 0.005,
      "hit_1cm": 0.6365,
      "hit_1.5cm": 0.8058,
      "delta_1cm": 0.0044999999999999485,
      "delta_1.5cm": 0.0024999999999999467,
      "max_class_ratio": 0.08849789947271347,
      "fold_var_1cm": 0.005353235715632224,
      "fold_var_1.5cm": 0.008964759972753995,
      "pass_both": false,
      "elapsed_sec": 225.60840582847595,
      "layout": "A4_2shell13"
    },
    "A5_cube8_tau001": {
      "K": 8,
      "tau_cls": 0.001,
      "hit_1cm": 0.65,
      "hit_1.5cm": 0.8109,
      "delta_1cm": 0.018000000000000016,
      "delta_1.5cm": 0.00759999999999994,
      "max_class_ratio": 0.16452465951442719,
      "fold_var_1cm": 0.005701478873115348,
      "fold_var_1.5cm": 0.007301836566844183,
      "pass_both": true,
      "elapsed_sec": 136.0648877620697,
      "layout": "A5_cube8"
    },
    "A5_cube8_tau003": {
      "K": 8,
      "tau_cls": 0.003,
      "hit_1cm": 0.6425,
      "hit_1.5cm": 0.8082,
      "delta_1cm": 0.010499999999999954,
      "delta_1.5cm": 0.0049000000000000155,
      "max_class_ratio": 0.1418958455324173,
      "fold_var_1cm": 0.002976080139387394,
      "fold_var_1.5cm": 0.008548159119946048,
      "pass_both": false,
      "elapsed_sec": 120.6995906829834,
      "layout": "A5_cube8"
    },
    "A5_cube8_tau005": {
      "K": 8,
      "tau_cls": 0.005,
      "hit_1cm": 0.6395,
      "hit_1.5cm": 0.8068,
      "delta_1cm": 0.007499999999999951,
      "delta_1.5cm": 0.0034999999999999476,
      "max_class_ratio": 0.13528499007225037,
      "fold_var_1cm": 0.0027443463667136867,
      "fold_var_1.5cm": 0.008580477804957557,
      "pass_both": false,
      "elapsed_sec": 141.08894085884094,
      "layout": "A5_cube8"
    },
    "A6_bcc14_tau001": {
      "K": 14,
      "tau_cls": 0.001,
      "hit_1cm": 0.6528,
      "hit_1.5cm": 0.8104,
      "delta_1cm": 0.02080000000000004,
      "delta_1.5cm": 0.007099999999999995,
      "max_class_ratio": 0.10462634265422821,
      "fold_var_1cm": 0.004402310210401352,
      "fold_var_1.5cm": 0.006639287675804208,
      "pass_both": true,
      "elapsed_sec": 274.22639870643616,
      "layout": "A6_bcc14"
    },
    "A6_bcc14_tau003": {
      "K": 14,
      "tau_cls": 0.003,
      "hit_1cm": 0.6449,
      "hit_1.5cm": 0.8091,
      "delta_1cm": 0.012900000000000023,
      "delta_1.5cm": 0.005800000000000027,
      "max_class_ratio": 0.08537544310092926,
      "fold_var_1cm": 0.004302515189301125,
      "fold_var_1.5cm": 0.007926630746867837,
      "pass_both": true,
      "elapsed_sec": 274.2410247325897,
      "layout": "A6_bcc14"
    },
    "A6_bcc14_tau005": {
      "K": 14,
      "tau_cls": 0.005,
      "hit_1cm": 0.6404,
      "hit_1.5cm": 0.8069,
      "delta_1cm": 0.008399999999999963,
      "delta_1.5cm": 0.0035999999999999366,
      "max_class_ratio": 0.07967377454042435,
      "fold_var_1cm": 0.004496067796705648,
      "fold_var_1.5cm": 0.008248783114075016,
      "pass_both": false,
      "elapsed_sec": 267.3946363925934,
      "layout": "A6_bcc14"
    },
    "A7_fib13_tau001": {
      "K": 13,
      "tau_cls": 0.001,
      "hit_1cm": 0.6521,