{
  "tau_0.001": {
    "K": 13,
    "tau_cls": 0.001,
    "hit_1cm": 0.6516,
    "hit_1.5cm": 0.8107,
    "delta_1cm": 0.01959999999999995,
    "delta_1.5cm": 0.007399999999999962,
    "max_class_ratio": 0.151152566075325,
    "fold_var_1cm": 0.005043289827049814,
    "fold_var_1.5cm": 0.007262494414526147,
    "pass_both": true,
    "elapsed_sec": 287.6803209781647
  },
  "tau_0.003": {
    "K": 13,
    "tau_cls": 0.003,
    "hit_1cm": 0.6439,
    "hit_1.5cm": 0.8082,
    "delta_1cm": 0.011900000000000022,
    "delta_1.5cm": 0.0049000000000000155,
    "max_class_ratio": 0.10938818007707596,
    "fold_var_1cm": 0.0042138102232793205,
    "fold_var_1.5cm": 0.00827526550199523,
    "pass_both": false,
    "elapsed_sec": 301.47371649742126
  },
  "tau_0.005": {
    "K": 13,
    "tau_cls": 0.005,
    "hit_1cm": 0.639,
    "hit_1.5cm": 0.8069,
    "delta_1cm": 0.007000000000000006,
    "delta_1.5cm": 0.0035999999999999366,
    "max_class_ratio": 0.09706280380487442,
    "fold_var_1cm": 0.0045893732391404955,
    "fold_var_1.5cm": 0.00846178098604992,
    "pass_both": false,
    "elapsed_sec": 210.6892592906952
  }
}