{
  "tau_0.001": {
    "K": 14,
    "tau_cls": 0.001,
    "hit_1cm": 0.6528,
    "hit_1.5cm": 0.8104,
    "delta_1cm": 0.02080000000000004,
    "delta_1.5cm": 0.007099999999999995,
    "max_class_ratio": 0.10462634265422821,
    "fold_var_1cm": 0.004402310210401352,
    "fold_var_1.5cm": 0.006639287675804208,
    "pass_both": true,
    "elapsed_sec": 274.22639870643616
  },
  "tau_0.003": {
    "K": 14,
    "tau_cls": 0.003,
    "hit_1cm": 0.6449,
    "hit_1.5cm": 0.8091,
    "delta_1cm": 0.012900000000000023,
    "delta_1.5cm": 0.005800000000000027,
    "max_class_ratio": 0.08537544310092926,
    "fold_var_1cm": 0.004302515189301125,
    "fold_var_1.5cm": 0.007926630746867837,
    "pass_both": true,
    "elapsed_sec": 274.2410247325897
  },
  "tau_0.005": {
    "K": 14,
    "tau_cls": 0.005,
    "hit_1cm": 0.6404,
    "hit_1.5cm": 0.8069,
    "delta_1cm": 0.008399999999999963,
    "delta_1.5cm": 0.0035999999999999366,
    "max_class_ratio": 0.07967377454042435,
    "fold_var_1cm": 0.004496067796705648,
    "fold_var_1.5cm": 0.008248783114075016,
    "pass_both": false,
    "elapsed_sec": 267.3946363925934
  }
}