{
  "tau_0.001": {
    "K": 13,
    "tau_cls": 0.001,
    "hit_1cm": 0.6519,
    "hit_1.5cm": 0.8103,
    "delta_1cm": 0.01990000000000003,
    "delta_1.5cm": 0.007000000000000006,
    "max_class_ratio": 0.15027286112308502,
    "fold_var_1cm": 0.005965223537616133,
    "fold_var_1.5cm": 0.007281717186217829,
    "pass_both": true,
    "elapsed_sec": 259.87338304519653
  },
  "tau_0.003": {
    "K": 13,
    "tau_cls": 0.003,
    "hit_1cm": 0.6425,
    "hit_1.5cm": 0.8084,
    "delta_1cm": 0.010499999999999954,
    "delta_1.5cm": 0.005099999999999993,
    "max_class_ratio": 0.10923531651496887,
    "fold_var_1cm": 0.004333986366285175,
    "fold_var_1.5cm": 0.008255601754956146,
    "pass_both": true,
    "elapsed_sec": 245.33548021316528
  },
  "tau_0.005": {
    "K": 13,
    "tau_cls": 0.005,
    "hit_1cm": 0.6388,
    "hit_1.5cm": 0.8069,
    "delta_1cm": 0.006800000000000028,
    "delta_1.5cm": 0.0035999999999999366,
    "max_class_ratio": 0.09703753888607025,
    "fold_var_1cm": 0.004212325000519862,
    "fold_var_1.5cm": 0.008722559254563987,
    "pass_both": false,
    "elapsed_sec": 243.38735175132751
  }
}