{
  "tau_0.001": {
    "K": 13,
    "tau_cls": 0.001,
    "hit_1cm": 0.6496,
    "hit_1.5cm": 0.8094,
    "delta_1cm": 0.01759999999999995,
    "delta_1.5cm": 0.006099999999999994,
    "max_class_ratio": 0.11563578993082047,
    "fold_var_1cm": 0.0042872907700428654,
    "fold_var_1.5cm": 0.0074034996258782034,
    "pass_both": true,
    "elapsed_sec": 245.02334713935852
  },
  "tau_0.003": {
    "K": 13,
    "tau_cls": 0.003,
    "hit_1cm": 0.6401,
    "hit_1.5cm": 0.807,
    "delta_1cm": 0.008099999999999996,
    "delta_1.5cm": 0.0037000000000000366,
    "max_class_ratio": 0.09417583793401718,
    "fold_var_1cm": 0.004698360428459724,
    "fold_var_1.5cm": 0.008889488523565801,
    "pass_both": false,
    "elapsed_sec": 224.96068477630615
  },
  "tau_0.005": {
    "K": 13,
    "tau_cls": 0.005,
    "hit_1cm": 0.6365,
    "hit_1.5cm": 0.8058,
    "delta_1cm": 0.0044999999999999485,
    "delta_1.5cm": 0.0024999999999999467,
    "max_class_ratio": 0.08849789947271347,
    "fold_var_1cm": 0.005353235715632224,
    "fold_var_1.5cm": 0.008964759972753995,
    "pass_both": false,
    "elapsed_sec": 225.60840582847595
  }
}