{
  "tau_0.001": {
    "K": 7,
    "tau_cls": 0.001,
    "hit_1cm": 0.6514,
    "hit_1.5cm": 0.8101,
    "delta_1cm": 0.019399999999999973,
    "delta_1.5cm": 0.006800000000000028,
    "max_class_ratio": 0.23196832835674286,
    "fold_var_1cm": 0.005359363055936219,
    "fold_var_1.5cm": 0.00638452954757055,
    "pass_both": true,
    "elapsed_sec": 115.6906087398529
  },
  "tau_0.003": {
    "K": 7,
    "tau_cls": 0.003,
    "hit_1cm": 0.6432,
    "hit_1.5cm": 0.8081,
    "delta_1cm": 0.011199999999999988,
    "delta_1.5cm": 0.0048000000000000265,
    "max_class_ratio": 0.1946343332529068,
    "fold_var_1cm": 0.004738553260393381,
    "fold_var_1.5cm": 0.008125990089378499,
    "pass_both": false,
    "elapsed_sec": 114.54286217689514
  },
  "tau_0.005": {
    "K": 7,
    "tau_cls": 0.005,
    "hit_1cm": 0.6393,
    "hit_1.5cm": 0.8067,
    "delta_1cm": 0.007299999999999973,
    "delta_1.5cm": 0.0033999999999999586,
    "max_class_ratio": 0.17610329389572144,
    "fold_var_1cm": 0.005148817989890828,
    "fold_var_1.5cm": 0.008267411854877737,
    "pass_both": false,
    "elapsed_sec": 111.19659614562988
  }
}