{
  "tau_0.001": {
    "K": 8,
    "tau_cls": 0.001,
    "hit_1cm": 0.65,
    "hit_1.5cm": 0.8109,
    "delta_1cm": 0.018000000000000016,
    "delta_1.5cm": 0.00759999999999994,
    "max_class_ratio": 0.16452465951442719,
    "fold_var_1cm": 0.005701478873115348,
    "fold_var_1.5cm": 0.007301836566844183,
    "pass_both": true,
    "elapsed_sec": 136.0648877620697
  },
  "tau_0.003": {
    "K": 8,
    "tau_cls": 0.003,
    "hit_1cm": 0.6425,
    "hit_1.5cm": 0.8082,
    "delta_1cm": 0.010499999999999954,
    "delta_1.5cm": 0.0049000000000000155,
    "max_class_ratio": 0.1418958455324173,
    "fold_var_1cm": 0.002976080139387394,
    "fold_var_1.5cm": 0.008548159119946048,
    "pass_both": false,
    "elapsed_sec": 120.6995906829834
  },
  "tau_0.005": {
    "K": 8,
    "tau_cls": 0.005,
    "hit_1cm": 0.6395,
    "hit_1.5cm": 0.8068,
    "delta_1cm": 0.007499999999999951,
    "delta_1.5cm": 0.0034999999999999476,
    "max_class_ratio": 0.13528499007225037,
    "fold_var_1cm": 0.0027443463667136867,
    "fold_var_1.5cm": 0.008580477804957557,
    "pass_both": false,
    "elapsed_sec": 141.08894085884094
  }
}