{
  "tau_0.001": {
    "K": 13,
    "tau_cls": 0.001,
    "hit_1cm": 0.6521,
    "hit_1.5cm": 0.8106,
    "delta_1cm": 0.020100000000000007,
    "delta_1.5cm": 0.007299999999999973,
    "max_class_ratio": 0.15072409808635712,
    "fold_var_1cm": 0.006106310156678354,
    "fold_var_1.5cm": 0.007056384000327884,
    "pass_both": true,
    "elapsed_sec": 261.4721555709839
  },
  "tau_0.003": {
    "K": 13,
    "tau_cls": 0.003,
    "hit_1cm": 0.6427,
    "hit_1.5cm": 0.8085,
    "delta_1cm": 0.010700000000000043,
    "delta_1.5cm": 0.005199999999999982,
    "max_class_ratio": 0.10943446308374405,
    "fold_var_1cm": 0.004331962064954583,
    "fold_var_1.5cm": 0.008789380407991838,
    "pass_both": true,
    "elapsed_sec": 342.9270281791687
  },
  "tau_0.005": {
    "K": 13,
    "tau_cls": 0.005,
    "hit_1cm": 0.6376,
    "hit_1.5cm": 0.8064,
    "delta_1cm": 0.005599999999999938,
    "delta_1.5cm": 0.0030999999999999917,
    "max_class_ratio": 0.09721355140209198,
    "fold_var_1cm": 0.003701580171049031,
    "fold_var_1.5cm": 0.009075445241588834,
    "pass_both": false,
    "elapsed_sec": 220.22993540763855
  }
}