{
  "exp_id": "H036_g0_preflight",
  "n_train": 10000,
  "trajectory_T": 11,
  "end_idx": 10,
  "f0_raw_hit_measure": {
    "single_formula": "plan-006_frenet_par120_perp_neg020 (frozen, d1=1.98, par=1.20, perp=-0.20)",
    "hit_at_1cm": {
      "hit_rate": 0.632,
      "expected_range": [
        0.627,
        0.637
      ],
      "in_range": true
    },
    "hit_at_1_5cm": {
      "hit_rate": 0.8033
    }
  },
  "codebook_oracle_ceilings": {
    "E0a": {
      "oracle_hit_1cm": 0.8203,
      "anchors": [
        [
          0.0,
          0.0,
          0.0
        ],
        [
          0.01,
          0.0,
          0.0
        ],
        [
          -0.01,
          0.0,
          0.0
        ],
        [
          0.0,
          0.01,
          0.0
        ],
        [
          0.0,
          -0.01,
          0.0
        ],
        [
          0.0,
          0.0,
          0.01
        ],
        [
          0.0,
          0.0,
          -0.01
        ]
      ]
    },
    "E0b": {
      "oracle_hit_1cm": 0.8248,
      "anchors": [
        [
          0.0,
          0.0,
          0.0
        ],
        [
          0.01,
          0.0,
          0.0
        ],
        [
          -0.01,
          0.0,
          0.0
        ],
        [
          0.0,
          0.01,
          0.0
        ],
        [
          0.0,
          -0.01,
          0.0
        ],
        [
          0.0,
          0.0,
          0.01
        ],
        [
          0.0,
          0.0,
          -0.01
        ]
      ]
    },
    "E0c": {
      "oracle_hit_1cm": 0.7625,
      "per_fold_oracle_hit_1cm": [
        0.7696572580645161,
        0.7615992102665351,
        0.7671164417791104,
        0.7581120943952803,
        0.7560102301790281
      ],
      "anchors_per_fold": [
        [
          [
            0.0,
            0.0,
            0.0
          ],
          [
            0.00035350091017219507,
            -0.00126539858500537,
            -0.0005288563232680226
          ],
          [
            -0.015477940367666532,
            0.01494760927413452,
            -0.011656700802494004
          ],
          [
            -0.0007560077781454495,
            0.008312750525974386,
            0.0006005075701954641
          ],
          [
            -0.011326825311642887,
            -0.010412263151492695,
            -0.009309473636221144
          ],
          [
            -0.016243423228589886,
            0.015505308328446783,
            0.011774103060421544
          ],
          [
            -0.007241080086352404,
            -0.008565288723391472,
            0.009970171612262359
          ]
        ],
        [
          [
            0.0,
            0.0,
            0.0
          ],
          [
            -0.0006645286972420731,
            0.008605579838909524,
            0.00011263003069230727
          ],
          [
            -0.015847137259986956,
            0.015103743152705466,
            0.011709201373347886
          ],
          [
            0.000431916310243626,
            -0.0011265118683089644,
            -0.0007568851081697006
          ],
          [
            -0.004883131365833372,
            -0.007199988740534607,
            0.008790119506104008
          ],
          [
            -0.01600727023587215,
            0.014941049706320337,
            -0.011722475109137324
          ],
          [
            -0.011708314630183694,
            -0.010570960879203409,
            -0.008885586409248369
          ]
        ],
        [
          [
            0.0,
            0.0,
            0.0
          ],
          [
            -0.016421077304140802,
            0.014507139134715814,
            -0.011436206720039185
          ],
          [
            -0.0006731943695361536,
            0.00826547947734136,
            -0.000730503562679452
          ],
          [
            -0.0057080362350771675,
            -0.007791049221983239,
            -0.008817718708302702
          ],
          [
            0.0005339504562099579,
            -0.0011896731864229474,
            0.0006269009332524277
          ],
          [
            -0.010659413902181555,
            -0.007976515709992011,
            0.009513816376012547
          ],
          [
            -0.015633959991559344,
            0.016739039517944556,
            0.011731072994055075
          ]
        ],
        [
          [
            0.0,
            0.0,
            0.0
          ],
          [
            -0.004772162467205635,
            -0.007008354814145944,
            0.009114676285573563
          ],
          [
            -0.0007997915318746788,
            0.008472833879386497,
            -5.4069237273105894e-05
          ],
          [
            -0.01162475159579757,
            -0.008722884699058082,
            -0.007811815474718556
          ],
          [
            0.0005248573846647711,
            -0.0011162873900993488,
            -0.0006826348108849005
          ],
          [
            -0.016360471592506018,
            0.01508139904710682,
            0.01133812543194416
          ],
          [
            -0.015890852801029334,
            0.014693066500138435,
            -0.012329095920675855
          ]
        ],
        [
          [
            0.0,
            0.0,
            0.0
          ],
          [
            -0.010244155253526437,
            -0.010433527275423925,
            0.008248909158492914
          ],
          [
            -0.0008759969044524287,
            0.008695247033035864,
            -0.0002608970224447508
          ],
          [
            -0.016270249528813282,
            0.014091034166374854,
            -0.01093610598892794
          ],
          [
            -0.016045122321140283,
            0.015607864044163242,
            0.012331038826295314
          ],
          [
            0.0005583161049360617,
            -0.0009687244370328839,
            0.0008414180137600893
          ],
          [
            -0.004091499474511915,
            -0.005668329584175966,
            -0.008175287406476783
          ]
        ]
      ]
    }
  },
  "per_axis_marginal_oracle": {
    "absolute": {
      "+x": 0.674,
      "-x": 0.6682,
      "+y": 0.6768,
      "-y": 0.6781,
      "+z": 0.659,
      "-z": 0.658
    },
    "frenet_orthogonal": {
      "+t": 0.6487,
      "-t": 0.6647,
      "+n": 0.6846,
      "-n": 0.6772,
      "+b": 0.668,
      "-b": 0.6726
    },
    "axis_family_ranking_absolute": [
      "y",
      "x",
      "z"
    ],
    "axis_family_ranking_frenet": [
      "n",
      "b",
      "t"
    ]
  },
  "kmeans_fit_meta": {
    "K": 7,
    "fold_count": 5,