{
  "best_params": [
    1.502161979675293,
    1.9493069648742676,
    0.17235644161701202,
    0.4225952923297882,
    0.07666866481304169,
    0.026707584038376808
  ],
  "single_fit_best_hit": 0.63424,
  "oof_hit_5fold": 0.6403,
  "convergence_history": [
    -0.60124,
    -0.62296,
    -0.61938,
    -0.62404,
    -0.6243,
    -0.6265,
    -0.62886,
    -0.62976,
    -0.6321,
    -0.6316,
    -0.62912,
    -0.63086,
    -0.63234,
    -0.63274,
    -0.63252,
    -0.63384,
    -0.63322,
    -0.63358,
    -0.63346,
    -0.63338,
    -0.63358,
    -0.63392,
    -0.6337,
    -0.63386,
    -0.6339,
    -0.63378,
    -0.63376,
    -0.63388,
    -0.6338,
    -0.63384,
    -0.63386,
    -0.63382,
    -0.6339,
    -0.63396,
    -0.63398,
    -0.63396,
    -0.634,
    -0.634,
    -0.63396,
    -0.63394,
    -0.63398,
    -0.6341,
    -0.63412,
    -0.63406,
    -0.63406,
    -0.63414,
    -0.63404,
    -0.63402,
    -0.63406,
    -0.63406,
    -0.63412,
    -0.6341,
    -0.63406,
    -0.6341,
    -0.63416,
    -0.63408,
    -0.63412,
    -0.63416,
    -0.63414,
    -0.63412,
    -0.63416,
    -0.63416,
    -0.63416,
    -0.63416,
    -0.63418,
    -0.63418,
    -0.6342,
    -0.63418,
    -0.63418,
    -0.63422,
    -0.63418,
    -0.63418,
    -0.63418,
    -0.6342,
    -0.6342,
    -0.63422,
    -0.63422,
    -0.6342,
    -0.63422,
    -0.63422,
    -0.6342,
    -0.63422,
    -0.63424,
    -0.63424,
    -0.63422,
    -0.63424,
    -0.63422,
    -0.63424,
    -0.63424,
    -0.63424,
    -0.63424,
    -0.63424,
    -0.63424,
    -0.63424,
    -0.63424,
    -0.63424,
    -0.63424,
    -0.63424,
    -0.63424,
    -0.63424,
    -0.63424,
    -0.63424,
    -0.63424
  ],
  "convergence_last_50_range": 0.000160000000000049,
  "aug_usable": true,
  "n_train_pool": 50000,
  "global_mean_speed": 0.025574488565325737,
  "elapsed_single_sec": 7.168149948120117,
  "elapsed_oof_sec": 23.941937923431396
}