{
  "exp_id": "plan-009/cap_saturation_extended",
  "score_bank": "runs/baseline/G001_candidate-redefine/oof_selector_scores.npz",
  "cap": 0.006,
  "saturation_threshold": 0.0057,
  "threshold_definition": "0.0057 = cap × 0.95 (L2-norm of capped delta_vec, m)",
  "n_folds_measured": 1,
  "fold_results": [
    {
      "fold": 0,
      "n_val": 2020,
      "n_cands": 25,
      "shift_norm_mean": 0.0035537139046937227,
      "shift_norm_p50": 0.0034880947787314653,
      "shift_norm_p95": 0.0060000293888151646,
      "shift_norm_max": 0.006000231020152569,
      "saturation_overall_rate_fold": 0.29176237623762374,
      "saturation_rate_per_cand": [
        0.07623762376237624,
        0.0504950495049505,
        0.06287128712871287,
        0.06386138613861386,
        0.06534653465346535,
        0.06435643564356436,
        0.09554455445544555,
        0.4004950495049505,
        0.15297029702970297,
        0.47425742574257423,
        0.21138613861386138,
        0.2900990099009901,
        0.15297029702970297,
        0.18316831683168316,
        0.21237623762376237,
        0.2396039603960396,
        0.1801980198019802,
        0.18564356435643564,
        0.17673267326732672,
        0.048514851485148516,
        0.9539603960396039,
        0.9658415841584158,
        0.9534653465346534,
        0.05297029702970297,
        0.9806930693069307
      ],
      "n_at_least_threshold": 14734,
      "n_total_pairs": 50500
    }
  ],
  "saturation_overall_rate": 0.29176237623762374,
  "plan_005_reference_rate": 0.0358,
  "diff_vs_plan_005": 0.25596237623762375,
  "corrector_main_framing": "amplified (cap 확장 gain *강*, cap 도 main 후보)",
  "decision_note": "spec-default — 1-fold (fold=0) approx 채택 (plan-009 §4.2 spec 의 5-fold concat 의 시간 한계 회피, N_val≈2000 의 binomial std error ≤ 0.005 로 caveat #13 분기 결정에 충분). boundary 학습 hyperparam = plan-008 c7 selector_retrain.py 의 boundary 호출 args 그대로 reuse (epochs=12+8, hidden=64, lr=0.001, batch=8192, seed=20260606, regime_prior_strength=0.0 = Variant A). 5-fold concat 측정은 필요 시 plan-009 후속 또는 plan-010 carry-over."
}
